count_ones,SA55,100,150,3,153,72.0,4.0
count_ones,RHC,100,900,9,903,100.0,5.0
count_ones,RHC,100,900,8,903,100.0,5.0
count_ones,RHC,100,300,4,303,83.0,52.0
count_ones,RHC,100,100,9,103,70.0,2.0
count_ones,RHC,100,150,8,153,81.0,2.0
count_ones,RHC,100,300,1,303,90.0,52.0
count_ones,RHC,100,1000,8,1003,98.0,17.0
count_ones,SA55,100,1,3,4,44.0,0.0
count_ones,RHC,100,1000,5,1003,100.0,13.0
count_ones,RHC,100,100,2,103,71.0,1.0
count_ones,RHC,100,500,3,503,100.0,22.0
count_ones,RHC,100,700,2,703,100.0,25.0
count_ones,RHC,100,600,7,603,97.0,76.0
count_ones,SA55,100,100,9,103,64.0,3.0
count_ones,RHC,100,100,5,103,70.0,14.0
count_ones,RHC,100,200,7,203,84.0,4.0
count_ones,RHC,100,700,5,703,100.0,20.0
count_ones,RHC,100,100,3,103,72.0,1.0
count_ones,RHC,100,1000,4,1003,100.0,13.0
count_ones,RHC,100,400,2,403,94.0,11.0
count_ones,SA55,100,1,2,4,52.0,0.0
count_ones,SA55,100,500,5,503,95.0,1.0
count_ones,RHC,100,100,0,103,69.0,1.0
count_ones,SA55,100,1,9,4,47.0,0.0
count_ones,SA55,100,150,1,153,69.0,3.0
count_ones,RHC,100,150,0,153,77.0,3.0
count_ones,RHC,100,200,6,203,78.0,29.0
count_ones,RHC,100,700,9,703,98.0,83.0
count_ones,RHC,100,1,9,4,51.0,17.0
count_ones,SA55,100,1,5,4,48.0,0.0
count_ones,SA55,100,100,8,103,63.0,1.0
count_ones,SA55,100,1,0,4,40.0,0.0
count_ones,RHC,100,100,8,103,68.0,2.0
count_ones,SA55,100,1,1,4,53.0,0.0
count_ones,RHC,100,300,3,303,90.0,52.0
count_ones,RHC,100,700,3,703,99.0,67.0
count_ones,SA55,100,1,6,4,50.0,0.0
count_ones,SA55,100,1,4,4,48.0,0.0
count_ones,RHC,100,800,5,803,98.0,51.0
count_ones,SA55,100,50,4,53,50.0,0.0
count_ones,RHC,100,1,0,4,46.0,0.0
count_ones,SA55,100,50,0,53,45.0,0.0
count_ones,RHC,100,700,6,703,99.0,34.0
count_ones,SA55,100,200,8,203,75.0,3.0
count_ones,SA55,100,500,8,503,92.0,3.0
count_ones,RHC,100,800,9,803,98.0,90.0
count_ones,SA55,100,500,6,503,94.0,3.0
count_ones,RHC,100,900,7,903,98.0,4.0
count_ones,SA55,100,500,9,503,96.0,2.0
count_ones,SA55,100,100,4,103,64.0,1.0
count_ones,RHC,100,500,1,503,96.0,103.0
count_ones,RHC,100,600,8,603,97.0,102.0
count_ones,RHC,100,50,1,53,68.0,1.0
count_ones,RHC,100,300,5,303,87.0,65.0
count_ones,SA55,100,50,9,53,53.0,1.0
count_ones,RHC,100,1,7,4,53.0,17.0
count_ones,RHC,100,800,6,803,99.0,141.0
count_ones,RHC,100,900,5,903,100.0,8.0
count_ones,RHC,100,900,6,903,100.0,11.0
count_ones,RHC,100,400,3,403,92.0,36.0
count_ones,SA55,100,50,2,53,53.0,0.0
count_ones,RHC,100,800,0,803,100.0,112.0
count_ones,RHC,100,300,9,303,93.0,55.0
count_ones,RHC,100,1,2,4,53.0,38.0
count_ones,RHC,100,700,4,703,99.0,20.0
count_ones,RHC,100,50,4,53,65.0,30.0
count_ones,RHC,100,150,2,153,68.0,4.0
count_ones,RHC,100,800,3,803,98.0,69.0
count_ones,SA55,100,50,5,53,53.0,1.0
count_ones,RHC,100,1,5,4,47.0,0.0
count_ones,RHC,100,150,7,153,80.0,32.0
count_ones,RHC,100,800,8,803,100.0,132.0
count_ones,RHC,100,600,2,603,98.0,28.0
count_ones,RHC,100,900,3,903,97.0,92.0
count_ones,SA55,100,50,3,53,49.0,0.0
count_ones,SA55,100,600,0,603,98.0,9.0
count_ones,SA55,100,1,8,4,49.0,0.0
count_ones,RHC,100,50,3,53,64.0,1.0
count_ones,RHC,100,100,7,103,63.0,43.0
count_ones,RHC,100,900,0,903,99.0,98.0
count_ones,RHC,100,700,8,703,100.0,19.0
count_ones,RHC,100,200,2,203,82.0,5.0
count_ones,RHC,100,200,0,203,80.0,4.0
count_ones,RHC,100,200,1,203,80.0,4.0
count_ones,RHC,100,600,3,603,98.0,95.0
count_ones,RHC,100,600,4,603,98.0,40.0
count_ones,SA55,100,50,1,53,55.0,53.0
count_ones,RHC,100,400,5,403,93.0,40.0
count_ones,SA55,100,500,7,503,95.0,3.0
count_ones,RHC,100,150,9,153,79.0,2.0
count_ones,RHC,100,900,2,903,99.0,88.0
count_ones,RHC,100,400,4,403,95.0,53.0
count_ones,RHC,100,200,8,203,81.0,2.0
count_ones,RHC,100,400,1,403,93.0,37.0
count_ones,RHC,100,150,6,153,80.0,12.0
count_ones,RHC,100,500,8,503,97.0,125.0
count_ones,RHC,100,500,5,503,96.0,136.0
count_ones,RHC,100,700,7,703,100.0,77.0
count_ones,RHC,100,100,1,103,68.0,1.0
count_ones,RHC,100,1,6,4,54.0,0.0
count_ones,RHC,100,900,1,903,98.0,102.0
count_ones,RHC,100,300,7,303,94.0,24.0
count_ones,SA55,100,100,0,103,61.0,0.0
count_ones,RHC,100,500,2,503,96.0,97.0
count_ones,RHC,100,400,0,403,95.0,38.0
count_ones,RHC,100,300,0,303,92.0,43.0
count_ones,SA55,100,100,1,103,63.0,0.0
count_ones,RHC,100,700,1,703,97.0,18.0
count_ones,RHC,100,1000,3,1003,99.0,23.0
count_ones,RHC,100,200,9,203,79.0,3.0
count_ones,SA55,100,100,7,103,62.0,54.0
count_ones,RHC,100,800,7,803,100.0,45.0
count_ones,RHC,100,1,1,4,58.0,37.0
count_ones,RHC,100,150,3,153,82.0,43.0
count_ones,RHC,100,150,1,153,79.0,15.0
count_ones,SA55,100,400,6,403,89.0,55.0
count_ones,RHC,100,900,4,903,100.0,86.0
count_ones,RHC,100,1000,2,1003,100.0,19.0
count_ones,RHC,100,1000,0,1003,100.0,19.0
count_ones,RHC,100,500,9,503,98.0,27.0
count_ones,RHC,100,300,6,303,91.0,36.0
count_ones,SA55,100,300,9,303,90.0,71.0
count_ones,SA55,100,150,2,153,67.0,3.0
count_ones,RHC,100,100,4,103,65.0,3.0
count_ones,RHC,100,1000,6,1003,99.0,10.0
count_ones,RHC,100,50,2,53,58.0,6.0
count_ones,SA55,100,200,2,203,75.0,7.0
count_ones,SA55,100,50,7,53,48.0,1.0
count_ones,SA55,100,50,6,53,49.0,27.0
count_ones,RHC,100,50,6,53,68.0,8.0
count_ones,RHC,100,200,5,203,81.0,5.0
count_ones,RHC,100,1,8,4,52.0,0.0
count_ones,RHC,100,600,6,603,98.0,142.0
count_ones,RHC,100,100,6,103,67.0,1.0
count_ones,SA55,100,200,5,203,80.0,83.0
count_ones,SA55,100,150,5,153,72.0,4.0
count_ones,RHC,100,800,2,803,98.0,87.0
count_ones,RHC,100,700,0,703,99.0,64.0
count_ones,SA55,100,200,9,203,79.0,8.0
count_ones,RHC,100,600,1,603,95.0,110.0
count_ones,SA55,100,150,7,153,76.0,5.0
count_ones,SA55,100,150,4,153,71.0,10.0
count_ones,SA55,100,200,3,203,73.0,8.0
count_ones,RHC,100,150,4,153,78.0,34.0
count_ones,RHC,100,500,4,503,93.0,104.0
count_ones,SA55,100,150,9,153,76.0,6.0
count_ones,SA55,100,100,6,103,57.0,1.0
count_ones,RHC,100,50,8,53,61.0,1.0
count_ones,SA55,100,200,6,203,83.0,4.0
count_ones,SA55,100,150,6,153,67.0,5.0
count_ones,RHC,100,500,0,503,96.0,126.0
count_ones,RHC,100,300,2,303,92.0,105.0
count_ones,RHC,100,400,6,403,93.0,75.0
count_ones,RHC,100,800,1,803,99.0,93.0
count_ones,SA55,100,200,1,203,78.0,7.0
count_ones,RHC,100,150,5,153,79.0,3.0
count_ones,RHC,100,500,7,503,96.0,158.0
count_ones,SA55,100,200,0,203,75.0,6.0
count_ones,RHC,100,50,7,53,59.0,1.0
count_ones,RHC,100,600,9,603,95.0,74.0
count_ones,RHC,100,400,7,403,93.0,118.0
count_ones,SA55,100,150,0,153,68.0,3.0
count_ones,SA55,100,200,4,203,71.0,1.0
count_ones,SA55,100,200,7,203,81.0,10.0
count_ones,RHC,100,300,8,303,90.0,59.0
count_ones,RHC,100,200,4,203,85.0,4.0
count_ones,SA55,100,300,0,303,94.0,75.0
count_ones,SA55,100,150,8,153,65.0,5.0
count_ones,RHC,100,400,8,403,96.0,124.0
count_ones,RHC,100,500,6,503,99.0,124.0
count_ones,RHC,100,50,9,53,67.0,1.0
count_ones,SA55,100,100,5,103,57.0,1.0
count_ones,RHC,100,600,5,603,99.0,26.0
count_ones,RHC,100,50,0,53,56.0,1.0
count_ones,RHC,100,1000,9,1003,99.0,4.0
count_ones,SA55,100,1,7,4,43.0,0.0
count_ones,RHC,100,600,0,603,98.0,145.0
count_ones,SA55,100,50,8,53,50.0,0.0
count_ones,SA55,100,400,5,403,89.0,89.0
count_ones,SA55,100,500,4,503,95.0,8.0
count_ones,SA55,100,400,4,403,92.0,95.0
count_ones,SA55,100,400,1,403,90.0,87.0
count_ones,SA55,100,400,2,403,86.0,87.0
count_ones,RHC,100,1,4,4,54.0,9.0
count_ones,SA55,100,300,2,303,92.0,91.0
count_ones,SA55,100,100,2,103,65.0,0.0
count_ones,SA55,100,400,7,403,89.0,92.0
count_ones,SA55,100,500,3,503,96.0,2.0
count_ones,RHC,100,50,5,53,55.0,40.0
count_ones,SA55,100,300,6,303,84.0,84.0
count_ones,RHC,100,400,9,403,93.0,46.0
count_ones,SA55,100,100,3,103,62.0,0.0
count_ones,RHC,100,800,4,803,99.0,21.0
count_ones,RHC,100,1000,7,1003,100.0,6.0
count_ones,SA55,100,500,1,503,96.0,104.0
count_ones,SA55,100,500,2,503,96.0,104.0
count_ones,SA55,100,500,0,503,90.0,106.0
count_ones,SA55,100,400,3,403,93.0,107.0
count_ones,RHC,100,200,3,203,78.0,3.0
count_ones,SA55,100,300,7,303,89.0,105.0
count_ones,SA55,100,300,5,303,84.0,105.0
count_ones,SA55,100,300,1,303,83.0,107.0
count_ones,SA55,100,300,4,303,92.0,106.0
count_ones,SA55,100,300,3,303,93.0,106.0
count_ones,SA55,100,300,8,303,82.0,107.0
count_ones,SA55,100,400,8,403,92.0,110.0
count_ones,RHC,100,1,3,4,40.0,0.0
count_ones,SA55,100,400,0,403,92.0,110.0
count_ones,SA55,100,400,9,403,97.0,117.0
count_ones,RHC,100,1000,1,1003,100.0,105.0
count_ones,SA55,100,600,2,603,95.0,30.0
count_ones,SA55,100,600,8,603,97.0,7.0
count_ones,SA55,100,600,5,603,99.0,10.0
count_ones,SA55,100,600,6,603,98.0,19.0
count_ones,SA55,100,600,1,603,94.0,43.0
count_ones,SA55,100,600,3,603,99.0,22.0
count_ones,SA55,100,700,0,703,96.0,20.0
count_ones,SA55,100,600,4,603,96.0,42.0
count_ones,SA55,100,700,5,703,98.0,25.0
count_ones,SA55,100,700,2,703,99.0,41.0
count_ones,SA55,100,700,1,703,95.0,47.0
count_ones,SA55,100,600,7,603,97.0,62.0
count_ones,SA55,100,800,8,803,99.0,21.0
count_ones,SA55,100,1000,3,1003,99.0,5.0
count_ones,SA55,100,1000,0,1003,100.0,6.0
count_ones,SA55,100,900,4,903,99.0,4.0
count_ones,SA55,100,700,6,703,100.0,72.0
count_ones,SA55,100,800,1,803,98.0,17.0
count_ones,SA55,100,700,8,703,99.0,78.0
count_ones,SA55,100,700,9,703,100.0,70.0
count_ones,SA55,100,900,6,903,99.0,11.0
count_ones,SA55,100,1000,7,1003,99.0,7.0
count_ones,SA55,100,600,9,603,96.0,86.0
count_ones,SA55,100,800,7,803,99.0,8.0
count_ones,SA55,100,1000,4,1003,100.0,29.0
count_ones,SA75,100,1,9,4,56.0,0.0
count_ones,SA75,100,50,4,53,49.0,0.0
count_ones,SA75,100,1,2,4,55.0,0.0
count_ones,SA75,100,1,0,4,54.0,0.0
count_ones,SA75,100,50,7,53,44.0,0.0
count_ones,SA75,100,1,1,4,49.0,1.0
count_ones,SA75,100,1,3,4,53.0,0.0
count_ones,SA75,100,50,8,53,52.0,0.0
count_ones,SA75,100,50,2,53,44.0,0.0
count_ones,SA55,100,700,3,703,99.0,85.0
count_ones,SA55,100,900,3,903,100.0,6.0
count_ones,SA55,100,1000,5,1003,100.0,28.0
count_ones,SA75,100,1,4,4,55.0,0.0
count_ones,SA75,100,1,8,4,54.0,0.0
count_ones,SA55,100,800,5,803,98.0,6.0
count_ones,SA75,100,50,9,53,48.0,0.0
count_ones,SA75,100,50,5,53,61.0,0.0
count_ones,SA55,100,900,0,903,99.0,10.0
count_ones,SA55,100,1000,9,1003,100.0,12.0
count_ones,SA55,100,800,4,803,98.0,53.0
count_ones,SA55,100,700,7,703,98.0,55.0
count_ones,SA55,100,800,0,803,100.0,52.0
count_ones,SA55,100,1000,8,1003,100.0,10.0
count_ones,SA55,100,900,1,903,100.0,7.0
count_ones,SA55,100,700,4,703,98.0,48.0
count_ones,SA55,100,800,3,803,99.0,18.0
count_ones,SA55,100,900,9,903,99.0,35.0
count_ones,SA75,100,50,1,53,49.0,0.0
count_ones,SA55,100,800,2,803,96.0,36.0
count_ones,SA75,100,300,4,303,88.0,1.0
count_ones,SA55,100,900,2,903,100.0,48.0
count_ones,SA55,100,800,9,803,99.0,18.0
count_ones,SA75,100,300,5,303,83.0,1.0
count_ones,SA55,100,900,7,903,100.0,14.0
count_ones,SA75,100,300,1,303,78.0,1.0
count_ones,SA75,100,300,3,303,83.0,1.0
count_ones,SA75,100,300,2,303,87.0,1.0
count_ones,SA55,100,1000,2,1003,99.0,33.0
count_ones,SA75,100,150,4,153,65.0,0.0
count_ones,SA55,100,900,8,903,99.0,46.0
count_ones,SA75,100,1,5,4,55.0,0.0
count_ones,SA55,100,800,6,803,100.0,29.0
count_ones,SA75,100,150,9,153,61.0,1.0
count_ones,SA75,100,300,6,303,86.0,1.0
count_ones,SA75,100,300,7,303,79.0,2.0
count_ones,SA75,100,300,8,303,74.0,2.0
count_ones,SA75,100,150,8,153,66.0,0.0
count_ones,SA75,100,1,6,4,54.0,0.0
count_ones,SA75,100,100,1,103,51.0,0.0
count_ones,SA75,100,200,5,203,79.0,1.0
count_ones,SA75,100,50,3,53,51.0,0.0
count_ones,SA75,100,150,7,153,56.0,0.0
count_ones,SA75,100,150,3,153,70.0,0.0
count_ones,SA75,100,100,4,103,41.0,0.0
count_ones,SA75,100,150,1,153,57.0,0.0
count_ones,SA55,100,1000,6,1003,100.0,4.0
count_ones,SA75,100,300,9,303,78.0,1.0
count_ones,SA75,100,400,0,403,88.0,1.0
count_ones,SA75,100,150,2,153,66.0,1.0
count_ones,SA75,100,200,3,203,73.0,1.0
count_ones,SA75,100,150,6,153,62.0,1.0
count_ones,SA75,100,400,1,403,89.0,2.0
count_ones,SA75,100,1,7,4,45.0,0.0
count_ones,SA75,100,200,2,203,67.0,1.0
count_ones,SA75,100,200,9,203,71.0,1.0
count_ones,SA55,100,1000,1,1003,100.0,6.0
count_ones,SA75,100,200,1,203,72.0,1.0
count_ones,SA75,100,100,5,103,52.0,0.0
count_ones,SA75,100,200,6,203,71.0,0.0
count_ones,SA75,100,200,0,203,75.0,0.0
count_ones,SA75,100,50,6,53,46.0,0.0
count_ones,SA75,100,100,3,103,60.0,0.0
count_ones,SA75,100,200,8,203,80.0,1.0
count_ones,SA75,100,100,9,103,51.0,0.0
count_ones,SA75,100,100,0,103,59.0,0.0
count_ones,SA75,100,100,2,103,51.0,0.0
count_ones,SA75,100,150,5,153,72.0,0.0
count_ones,SA75,100,100,8,103,54.0,0.0
count_ones,SA75,100,300,0,303,85.0,1.0
count_ones,SA75,100,200,7,203,60.0,0.0
count_ones,SA75,100,100,6,103,57.0,0.0
count_ones,SA75,100,100,7,103,51.0,1.0
count_ones,SA75,100,150,0,153,57.0,3.0
count_ones,SA75,100,200,4,203,73.0,1.0
count_ones,SA75,100,50,0,53,45.0,0.0
count_ones,SA55,100,900,5,903,99.0,44.0
count_ones,SA75,100,600,6,603,95.0,3.0
count_ones,SA75,100,600,2,603,95.0,3.0
count_ones,SA75,100,600,1,603,99.0,4.0
count_ones,SA75,100,800,0,803,96.0,4.0
count_ones,SA75,100,600,8,603,96.0,2.0
count_ones,SA75,100,400,3,403,85.0,2.0
count_ones,SA75,100,400,2,403,92.0,1.0
count_ones,SA75,100,500,1,503,98.0,2.0
count_ones,SA75,100,700,0,703,99.0,3.0
count_ones,SA75,100,400,6,403,92.0,1.0
count_ones,SA75,100,400,8,403,90.0,1.0
count_ones,SA75,100,400,9,403,88.0,0.0
count_ones,SA75,100,600,5,603,99.0,3.0
count_ones,SA75,100,600,4,603,90.0,3.0
count_ones,SA75,100,600,9,603,94.0,3.0
count_ones,SA75,100,400,5,403,90.0,2.0
count_ones,SA75,100,500,8,503,90.0,3.0
count_ones,SA75,100,400,4,403,93.0,2.0
count_ones,SA75,100,400,7,403,88.0,1.0
count_ones,SA75,100,500,0,503,93.0,2.0
count_ones,SA75,100,600,3,603,96.0,1.0
count_ones,SA75,100,700,3,703,97.0,3.0
count_ones,SA75,100,500,9,503,94.0,3.0
count_ones,SA75,100,600,0,603,93.0,4.0
count_ones,SA75,100,500,2,503,91.0,2.0
count_ones,SA75,100,500,6,503,94.0,2.0
count_ones,SA75,100,700,7,703,99.0,5.0
count_ones,SA75,100,700,5,703,95.0,5.0
count_ones,SA75,100,500,5,503,98.0,2.0
count_ones,SA75,100,800,1,803,98.0,5.0
count_ones,SA75,100,700,6,703,97.0,5.0
count_ones,SA75,100,500,4,503,94.0,4.0
count_ones,SA75,100,700,9,703,97.0,6.0
count_ones,SA75,100,500,3,503,96.0,3.0
count_ones,SA75,100,800,2,803,99.0,7.0
count_ones,SA75,100,600,7,603,99.0,4.0
count_ones,SA75,100,800,4,803,98.0,11.0
count_ones,SA75,100,500,7,503,93.0,3.0
count_ones,SA75,100,700,2,703,96.0,4.0
count_ones,SA75,100,700,4,703,97.0,4.0
count_ones,SA75,100,800,3,803,98.0,5.0
count_ones,SA75,100,700,8,703,99.0,4.0
count_ones,SA75,100,700,1,703,98.0,5.0
count_ones,SA75,100,800,6,803,97.0,5.0
count_ones,SA75,100,800,5,803,98.0,4.0
count_ones,SA75,100,800,7,803,98.0,5.0
count_ones,SA75,100,800,8,803,99.0,5.0
count_ones,SA75,100,800,9,803,97.0,5.0
count_ones,SA95,100,50,5,53,48.0,0.0
count_ones,SA95,100,100,0,103,44.0,4.0
count_ones,SA95,100,100,1,103,52.0,5.0
count_ones,SA95,100,100,2,103,53.0,6.0
count_ones,SA95,100,50,6,53,52.0,0.0
count_ones,SA95,100,100,9,103,50.0,4.0
count_ones,SA95,100,100,8,103,47.0,3.0
count_ones,SA95,100,100,6,103,54.0,5.0
count_ones,SA95,100,50,2,53,55.0,0.0
count_ones,SA95,100,1,8,4,53.0,0.0
count_ones,SA95,100,150,1,153,51.0,1.0
count_ones,SA75,100,900,4,903,98.0,25.0
count_ones,SA95,100,1,6,4,46.0,0.0
count_ones,SA95,100,150,2,153,51.0,2.0
count_ones,SA95,100,1,9,4,52.0,0.0
count_ones,SA95,100,50,1,53,46.0,0.0
count_ones,SA95,100,50,0,53,47.0,0.0
count_ones,SA95,100,1,4,4,47.0,0.0
count_ones,SA95,100,1,5,4,48.0,0.0
count_ones,SA95,100,50,3,53,46.0,0.0
count_ones,SA95,100,50,7,53,44.0,0.0
count_ones,SA95,100,50,4,53,53.0,0.0
count_ones,SA95,100,100,7,103,56.0,1.0
count_ones,SA75,100,900,2,903,99.0,40.0
count_ones,SA95,100,1,1,4,44.0,0.0
count_ones,SA95,100,1,2,4,50.0,0.0
count_ones,SA95,100,100,4,103,50.0,1.0
count_ones,SA95,100,100,5,103,55.0,1.0
count_ones,SA95,100,1,7,4,49.0,0.0
count_ones,SA95,100,50,8,53,54.0,0.0
count_ones,SA95,100,50,9,53,51.0,0.0
count_ones,SA95,100,150,0,153,51.0,4.0
count_ones,SA95,100,1,3,4,41.0,0.0
count_ones,SA95,100,100,3,103,47.0,1.0
count_ones,SA95,100,150,3,153,44.0,3.0
count_ones,SA95,100,150,5,153,53.0,3.0
count_ones,SA95,100,1,0,4,58.0,0.0
count_ones,SA95,100,150,8,153,51.0,3.0
count_ones,SA95,100,150,6,153,51.0,4.0
count_ones,SA95,100,150,7,153,50.0,7.0
count_ones,SA75,100,900,1,903,98.0,81.0
count_ones,SA95,100,150,9,153,57.0,11.0
count_ones,SA95,100,200,1,203,46.0,4.0
count_ones,SA95,100,200,5,203,52.0,7.0
count_ones,SA95,100,200,3,203,55.0,8.0
count_ones,SA95,100,200,0,203,46.0,7.0
count_ones,SA95,100,200,2,203,53.0,8.0
count_ones,SA95,100,200,4,203,45.0,10.0
count_ones,SA75,100,900,3,903,98.0,112.0
count_ones,SA95,100,300,3,303,51.0,11.0
count_ones,SA95,100,200,9,203,49.0,9.0
count_ones,SA95,100,300,6,303,59.0,28.0
count_ones,SA95,100,200,6,203,54.0,15.0
count_ones,SA95,100,400,3,403,49.0,22.0
count_ones,SA95,100,200,8,203,51.0,16.0
count_ones,SA95,100,300,5,303,52.0,21.0
count_ones,SA95,100,400,7,403,53.0,16.0
count_ones,SA95,100,300,9,303,63.0,30.0
count_ones,SA95,100,200,7,203,47.0,17.0
count_ones,SA95,100,300,4,303,47.0,19.0
count_ones,SA95,100,400,0,403,54.0,22.0
count_ones,SA95,100,400,2,403,52.0,29.0
count_ones,SA95,100,400,4,403,59.0,23.0
count_ones,SA95,100,400,6,403,53.0,24.0
count_ones,SA95,100,300,0,303,53.0,18.0
count_ones,SA95,100,150,4,153,48.0,8.0
count_ones,SA95,100,300,1,303,44.0,9.0
count_ones,SA95,100,300,2,303,47.0,11.0
count_ones,SA95,100,300,8,303,47.0,19.0
count_ones,SA95,100,300,7,303,53.0,20.0
count_ones,SA75,100,900,0,903,100.0,189.0
count_ones,SA95,100,400,8,403,52.0,43.0
count_ones,SA95,100,400,9,403,41.0,46.0
count_ones,SA95,100,500,1,503,58.0,57.0
count_ones,SA75,100,900,7,903,100.0,202.0
count_ones,SA95,100,400,1,403,53.0,54.0
count_ones,SA95,100,400,5,403,50.0,62.0
count_ones,SA95,100,500,0,503,60.0,85.0
count_ones,SA95,100,500,5,503,55.0,85.0
count_ones,SA75,100,900,6,903,100.0,233.0
count_ones,SA95,100,700,3,703,90.0,58.0
count_ones,SA95,100,700,0,703,90.0,59.0
count_ones,SA75,100,1000,7,1003,99.0,237.0
count_ones,SA95,100,500,3,503,56.0,80.0
count_ones,SA95,100,600,4,603,77.0,57.0
count_ones,SA95,100,500,8,503,56.0,72.0
count_ones,SA95,100,900,2,903,97.0,9.0
count_ones,SA75,100,1000,1,1003,98.0,228.0
count_ones,SA75,100,900,5,903,100.0,246.0
count_ones,SA75,100,900,9,903,99.0,205.0
count_ones,SA95,100,900,5,903,93.0,7.0
count_ones,SA95,100,700,2,703,79.0,72.0
count_ones,SA95,100,500,4,503,50.0,63.0
count_ones,SA75,100,1000,4,1003,100.0,252.0
count_ones,SA95,100,800,7,803,94.0,84.0
count_ones,SA95,100,900,7,903,88.0,8.0
count_ones,SA95,100,600,9,603,75.0,91.0
count_ones,SA75,100,1000,5,1003,99.0,242.0
count_ones,SA95,100,900,9,903,92.0,10.0
count_ones,SA95,100,500,9,503,63.0,59.0
count_ones,SA95,100,1000,2,1003,97.0,12.0
count_ones,SA95,100,800,6,803,92.0,44.0
count_ones,SA95,100,600,8,603,72.0,48.0
count_ones,SA75,100,900,8,903,98.0,247.0
count_ones,SA75,100,1000,9,1003,99.0,252.0
count_ones,SA95,100,600,3,603,68.0,85.0
count_ones,SA95,100,900,1,903,95.0,35.0
count_ones,SA95,100,600,7,603,70.0,43.0
count_ones,SA95,100,900,0,903,93.0,7.0
count_ones,SA95,100,700,1,703,87.0,86.0
count_ones,SA95,100,700,9,703,78.0,50.0
count_ones,SA95,100,1000,3,1003,96.0,14.0
count_ones,SA95,100,800,8,803,90.0,55.0
count_ones,SA95,100,700,7,703,82.0,67.0
count_ones,SA95,100,700,6,703,81.0,103.0
count_ones,SA95,100,1000,0,1003,96.0,25.0
count_ones,SA95,100,1000,1,1003,98.0,29.0
count_ones,SA95,100,600,2,603,81.0,111.0
count_ones,SA95,100,800,1,803,91.0,108.0
count_ones,SA95,100,600,6,603,68.0,96.0
count_ones,SA95,100,800,2,803,92.0,115.0
count_ones,SA75,100,1000,3,1003,100.0,263.0
count_ones,SA95,100,600,0,603,76.0,109.0
count_ones,SA95,100,900,3,903,93.0,48.0
count_ones,SA95,100,600,1,603,73.0,113.0
count_ones,SA95,100,900,6,903,97.0,40.0
count_ones,SA75,100,1000,8,1003,99.0,279.0
count_ones,SA95,100,500,7,503,58.0,108.0
count_ones,SA95,100,1000,4,1003,96.0,11.0
count_ones,SA95,100,800,9,803,93.0,91.0
count_ones,SA95,100,900,4,903,94.0,54.0
count_ones,SA75,100,1000,6,1003,100.0,232.0
count_ones,SA95,100,600,5,603,78.0,128.0
count_ones,SA95,100,700,5,703,82.0,123.0
count_ones,SA95,100,1000,6,1003,97.0,11.0
count_ones,SA95,100,900,8,903,97.0,49.0
count_ones,SA75,100,1000,0,1003,99.0,295.0
count_ones,SA95,100,500,6,503,61.0,116.0
count_ones,SA95,100,500,2,503,52.0,140.0
count_ones,SA95,100,700,8,703,81.0,84.0
count_ones,SA95,100,1000,5,1003,97.0,26.0
count_ones,SA95,100,1000,9,1003,96.0,10.0
count_ones,SA95,100,700,4,703,88.0,133.0
count_ones,SA95,100,800,3,803,94.0,138.0
count_ones,SA95,100,800,4,803,88.0,114.0
count_ones,SA95,100,800,5,803,87.0,92.0
count_ones,SA75,100,1000,2,1003,97.0,289.0
count_ones,SA95,100,1000,8,1003,96.0,17.0
count_ones,SA95,100,1000,7,1003,96.0,21.0
count_ones,SA95,100,800,0,803,81.0,96.0
count_ones,GALowPop,100,1,6,258,63.0,63.0
count_ones,GALowPop,100,1,8,254,62.0,60.0
count_ones,GALowPop,100,1,5,254,67.0,97.0
count_ones,GALowPop,100,1,3,253,66.0,120.0
count_ones,GALowPop,100,1,4,253,64.0,182.0
count_ones,GALowPop,100,1,2,256,64.0,111.0
count_ones,GALowPop,100,1,9,257,64.0,239.0
count_ones,GALowPop,100,1,1,254,64.0,172.0
count_ones,GALowPop,100,1,7,256,61.0,118.0
count_ones,GALowPop,100,1,0,256,65.0,375.0
count_ones,GALowPop,100,50,1,4043,70.0,3546.0
count_ones,GAHighPop,100,1,1,1444,67.0,1453.0
count_ones,GAHighPop,100,1,6,1445,69.0,1683.0
count_ones,GALowPop,100,50,4,4044,74.0,4520.0
count_ones,GALowPop,100,50,5,4040,78.0,4570.0
count_ones,GALowPop,100,50,2,4042,77.0,4568.0
count_ones,GALowPop,100,50,8,4056,73.0,4893.0
count_ones,GAHighPop,100,1,4,1438,66.0,2728.0
count_ones,GALowPop,100,50,6,4030,73.0,5742.0
count_ones,GALowPop,100,50,7,4057,73.0,6094.0
count_ones,GAHighPop,100,1,2,1446,69.0,3705.0
count_ones,GAHighPop,100,1,3,1434,71.0,3838.0
count_ones,GAHighPop,100,1,5,1431,67.0,3803.0
count_ones,GAHighPop,100,1,7,1433,66.0,2019.0
count_ones,GAHighPop,100,1,0,1434,65.0,4328.0
count_ones,GALowPop,100,50,9,4047,74.0,7087.0
count_ones,GAHighPop,100,1,9,1442,65.0,4057.0
count_ones,GAHighPop,100,1,8,1443,64.0,4353.0
count_ones,GALowPop,100,50,3,4044,79.0,7872.0
count_ones,GALowPop,100,100,4,7928,83.0,11784.0
count_ones,GALowPop,100,100,0,7933,72.0,14026.0
count_ones,GALowPop,100,50,0,4045,74.0,8391.0
count_ones,GALowPop,100,100,3,7942,80.0,14411.0
count_ones,GALowPop,100,100,6,7926,77.0,14512.0
count_ones,GALowPop,100,200,0,15641,85.0,14873.0
count_ones,GALowPop,100,100,2,7922,84.0,15019.0
count_ones,GALowPop,100,100,5,7897,88.0,15183.0
count_ones,GALowPop,100,100,1,7906,82.0,15647.0
count_ones,GALowPop,100,100,9,7915,87.0,16043.0
count_ones,GALowPop,100,150,8,11801,84.0,15745.0
count_ones,GALowPop,100,150,0,11778,77.0,17081.0
count_ones,MIMIC50,100,1,9,151,67.0,3222.0
count_ones,MIMIC50,100,1,8,151,65.0,4541.0
count_ones,GALowPop,100,150,9,11831,79.0,17109.0
count_ones,MIMIC200,100,1,5,601,78.0,12854.0
count_ones,GALowPop,100,150,6,11768,76.0,19355.0
count_ones,GALowPop,100,100,8,7940,81.0,16836.0
count_ones,MIMIC50,100,1,1,151,65.0,4666.0
count_ones,MIMIC50,100,1,5,151,65.0,5927.0
count_ones,MIMIC200,100,1,8,601,79.0,13771.0
count_ones,MIMIC200,100,1,3,601,77.0,9691.0
count_ones,GALowPop,100,100,7,7910,81.0,15787.0
count_ones,GALowPop,100,150,7,11790,85.0,18632.0
count_ones,GALowPop,100,200,9,15646,87.0,17824.0
count_ones,GALowPop,100,150,2,11782,85.0,19120.0
count_ones,MIMIC50,100,1,7,151,70.0,9091.0
count_ones,GALowPop,100,150,5,11795,90.0,23156.0
count_ones,MIMIC50,100,1,6,151,65.0,9775.0
count_ones,MIMIC50,100,1,4,151,68.0,9777.0
count_ones,GALowPop,100,150,3,11800,81.0,24686.0
count_ones,GALowPop,100,200,2,15668,88.0,25199.0
count_ones,GALowPop,100,150,1,11775,83.0,22597.0
count_ones,MIMIC200,100,1,0,601,80.0,19063.0
count_ones,MIMIC200,100,1,6,601,78.0,18490.0
count_ones,MIMIC50,100,1,2,151,67.0,10220.0
count_ones,MIMIC50,100,1,3,151,69.0,11513.0
count_ones,MIMIC200,100,1,4,601,79.0,19897.0
count_ones,GALowPop,100,150,4,11775,80.0,26663.0
count_ones,GALowPop,100,200,1,15674,84.0,26698.0
count_ones,MIMIC200,100,1,2,601,78.0,21309.0
count_ones,MIMIC200,100,1,9,601,78.0,20977.0
count_ones,MIMIC200,100,1,7,601,76.0,21505.0
count_ones,GALowPop,100,200,7,15664,88.0,28102.0
count_ones,MIMIC200,100,1,1,601,71.0,21960.0
count_ones,MIMIC50,100,1,0,151,65.0,12935.0
count_ones,GALowPop,100,300,9,23417,81.0,29718.0
count_ones,GALowPop,100,200,3,15640,82.0,30825.0
count_ones,GALowPop,100,200,5,15647,86.0,31140.0
count_ones,GALowPop,100,300,1,23427,84.0,31813.0
count_ones,GALowPop,100,200,8,15695,80.0,39078.0
count_ones,MIMIC50,100,50,4,2601,98.0,30042.0
count_ones,MIMIC50,100,50,7,2601,96.0,30706.0
count_ones,MIMIC50,100,50,2,2601,95.0,31242.0
count_ones,GALowPop,100,500,6,38921,85.0,46001.0
count_ones,MIMIC50,100,50,8,2601,95.0,37965.0
count_ones,GALowPop,100,200,4,15673,87.0,52349.0
count_ones,GALowPop,100,200,6,15649,84.0,53079.0
count_ones,GAHighPop,100,50,5,21955,83.0,49809.0
count_ones,MIMIC50,100,50,1,2601,96.0,38924.0
count_ones,MIMIC200,100,50,8,10401,100.0,47114.0
count_ones,MIMIC50,100,50,5,2601,96.0,40402.0
count_ones,MIMIC50,100,50,9,2601,94.0,40449.0
count_ones,GALowPop,100,300,4,23412,79.0,55810.0
count_ones,MIMIC50,100,50,0,2601,95.0,41427.0
count_ones,MIMIC50,100,50,6,2601,95.0,41841.0
count_ones,GAHighPop,100,50,7,21974,82.0,54214.0
count_ones,GALowPop,100,400,7,31146,87.0,58523.0
count_ones,GALowPop,100,300,0,23363,88.0,59777.0
count_ones,MIMIC50,100,50,3,2601,93.0,45475.0
count_ones,MIMIC50,100,100,0,5101,96.0,45701.0
count_ones,GAHighPop,100,50,4,21949,81.0,58253.0
count_ones,GALowPop,100,300,3,23408,83.0,61936.0
count_ones,GAHighPop,100,50,8,21959,82.0,59465.0
count_ones,GAHighPop,100,50,3,21961,81.0,60509.0
count_ones,GAHighPop,100,50,9,21955,80.0,60976.0
count_ones,GALowPop,100,300,6,23401,84.0,64540.0
count_ones,GAHighPop,100,50,1,21966,84.0,61743.0
count_ones,GAHighPop,100,50,6,21988,84.0,62354.0
count_ones,GALowPop,100,300,5,23382,87.0,66037.0
count_ones,GALowPop,100,400,3,31170,82.0,68005.0
count_ones,GALowPop,100,400,9,31121,86.0,68057.0
count_ones,GAHighPop,100,50,2,21953,81.0,65469.0
count_ones,GALowPop,100,400,5,31173,84.0,69339.0
count_ones,MIMIC50,100,100,7,5101,96.0,55403.0
count_ones,GALowPop,100,300,7,23414,86.0,69943.0
count_ones,GALowPop,100,600,4,46628,90.0,69329.0
count_ones,GALowPop,100,300,2,23415,78.0,71557.0
count_ones,MIMIC50,100,100,2,5101,97.0,57760.0
count_ones,GALowPop,100,400,6,31126,89.0,72499.0
count_ones,GALowPop,100,300,8,23431,85.0,73711.0
count_ones,GALowPop,100,400,4,31146,82.0,74194.0
count_ones,GAHighPop,100,50,0,22004,88.0,73843.0
count_ones,MIMIC50,100,100,8,5101,97.0,63662.0
count_ones,MIMIC50,100,100,5,5101,99.0,64307.0
count_ones,MIMIC50,100,100,3,5101,99.0,64858.0
count_ones,MIMIC50,100,100,6,5101,97.0,65840.0
count_ones,GALowPop,100,400,0,31170,79.0,80216.0
count_ones,GALowPop,100,400,8,31116,85.0,80722.0
count_ones,MIMIC50,100,100,1,5101,99.0,67050.0
count_ones,GALowPop,100,400,2,31155,87.0,82046.0
count_ones,MIMIC50,100,100,9,5101,100.0,68706.0
count_ones,GALowPop,100,500,4,38813,87.0,85044.0
count_ones,MIMIC200,100,50,9,10401,98.0,80101.0
count_ones,GALowPop,100,500,1,38943,88.0,87760.0
count_ones,GALowPop,100,500,8,38878,85.0,89377.0
count_ones,GALowPop,100,400,1,31160,82.0,91303.0
count_ones,MIMIC200,100,50,6,10401,99.0,84727.0
count_ones,MIMIC50,100,100,4,5101,100.0,79050.0
count_ones,MIMIC50,100,150,5,7601,98.0,79701.0
count_ones,MIMIC50,100,150,8,7601,99.0,84012.0
count_ones,MIMIC50,100,150,1,7601,100.0,85181.0
count_ones,GALowPop,100,500,3,38867,82.0,99958.0
count_ones,MIMIC200,100,50,1,10401,99.0,93585.0
count_ones,GALowPop,100,500,9,38877,87.0,100279.0
count_ones,MIMIC200,100,50,5,10401,98.0,93479.0
count_ones,GALowPop,100,500,5,38861,77.0,100842.0
count_ones,MIMIC50,100,150,6,7601,99.0,87215.0
count_ones,GALowPop,100,500,0,38817,88.0,101924.0
count_ones,MIMIC200,100,50,2,10401,99.0,95299.0
count_ones,MIMIC200,100,50,4,10401,96.0,95122.0
count_ones,MIMIC200,100,50,0,10401,97.0,96020.0
count_ones,MIMIC50,100,150,2,7601,98.0,88704.0
count_ones,MIMIC200,100,50,7,10401,97.0,96474.0
count_ones,GAHighPop,100,100,7,42889,89.0,101728.0
count_ones,MIMIC200,100,50,3,10401,95.0,98251.0
count_ones,MIMIC50,100,150,7,7601,99.0,91105.0
count_ones,GALowPop,100,500,7,38891,77.0,107022.0
count_ones,GALowPop,100,600,9,46617,86.0,108828.0
count_ones,MIMIC50,100,150,4,7601,99.0,95587.0
count_ones,MIMIC50,100,150,3,7601,97.0,96765.0
count_ones,MIMIC50,100,200,7,10101,100.0,97430.0
count_ones,MIMIC50,100,200,6,10101,99.0,98119.0
count_ones,MIMIC50,100,150,0,7601,100.0,98074.0
count_ones,MIMIC50,100,150,9,7601,99.0,101255.0
count_ones,GAHighPop,100,100,2,42964,93.0,113318.0
count_ones,GAHighPop,100,100,6,42878,89.0,115005.0
count_ones,MIMIC50,100,200,2,10101,100.0,104600.0
count_ones,GAHighPop,100,100,9,42926,89.0,116020.0
count_ones,MIMIC50,100,200,1,10101,100.0,105871.0
count_ones,MIMIC50,100,200,8,10101,99.0,106044.0
count_ones,GALowPop,100,700,0,54447,94.0,121734.0
count_ones,GALowPop,100,600,2,46560,88.0,123266.0
count_ones,GAHighPop,100,100,1,42909,90.0,123447.0
count_ones,MIMIC50,100,200,3,10101,100.0,113091.0
count_ones,MIMIC50,100,200,5,10101,100.0,113933.0
count_ones,GALowPop,100,500,2,38899,88.0,128468.0
count_ones,GAHighPop,100,100,8,42935,90.0,125446.0
count_ones,GAHighPop,100,100,5,42883,87.0,125499.0
count_ones,MIMIC50,100,200,4,10101,100.0,119574.0
count_ones,GALowPop,100,600,8,46614,89.0,133876.0
count_ones,MIMIC50,100,200,9,10101,100.0,120785.0
count_ones,MIMIC50,100,200,0,10101,100.0,121510.0
count_ones,GAHighPop,100,100,3,42952,91.0,133411.0
count_ones,GALowPop,100,600,0,46656,83.0,136629.0
count_ones,GAHighPop,100,100,4,42995,92.0,136092.0
count_ones,GALowPop,100,700,4,54391,88.0,139689.0
count_ones,GALowPop,100,600,1,46608,85.0,140530.0
count_ones,GALowPop,100,700,8,54343,85.0,141425.0
count_ones,GAHighPop,100,150,7,63928,94.0,139918.0
count_ones,GALowPop,100,600,6,46612,89.0,144958.0
count_ones,GALowPop,100,700,5,54325,86.0,145667.0
count_ones,GALowPop,100,700,9,54368,88.0,145680.0
count_ones,GALowPop,100,600,5,46623,92.0,146141.0
count_ones,MIMIC200,100,100,9,20401,99.0,139111.0
count_ones,GAHighPop,100,100,0,42943,89.0,144520.0
count_ones,GALowPop,100,600,7,46584,90.0,149447.0
count_ones,MIMIC200,100,100,5,20401,97.0,142875.0
count_ones,GALowPop,100,600,3,46601,91.0,153720.0
count_ones,MIMIC50,100,300,8,15101,100.0,140146.0
count_ones,MIMIC200,100,100,6,20401,98.0,146458.0
count_ones,GALowPop,100,700,1,54376,83.0,156465.0
count_ones,MIMIC50,100,300,0,15101,100.0,142949.0
count_ones,MIMIC200,100,100,3,20401,99.0,149145.0
count_ones,MIMIC50,100,300,3,15101,100.0,143377.0
count_ones,MIMIC50,100,300,7,15101,100.0,144995.0
count_ones,GALowPop,100,800,1,62100,88.0,158518.0
count_ones,GALowPop,100,800,2,62032,82.0,159023.0
count_ones,MIMIC50,100,300,1,15101,100.0,146324.0
count_ones,GALowPop,100,700,6,54342,84.0,159969.0
count_ones,MIMIC50,100,300,5,15101,100.0,147084.0
count_ones,GALowPop,100,700,7,54330,87.0,161051.0
count_ones,MIMIC200,100,100,0,20401,99.0,155249.0
count_ones,GAHighPop,100,150,1,63849,93.0,159992.0
count_ones,MIMIC50,100,300,6,15101,100.0,149557.0
count_ones,MIMIC200,100,100,8,20401,98.0,157120.0
count_ones,MIMIC200,100,100,7,20401,99.0,157498.0
count_ones,MIMIC200,100,100,4,20401,98.0,160752.0
count_ones,MIMIC200,100,100,1,20401,98.0,161719.0
count_ones,GALowPop,100,700,3,54386,92.0,168837.0
count_ones,GALowPop,100,700,2,54323,92.0,169126.0
count_ones,GAHighPop,100,150,3,63909,94.0,166750.0
count_ones,MIMIC50,100,300,2,15101,100.0,155821.0
count_ones,GAHighPop,100,150,6,63834,95.0,167225.0
count_ones,MIMIC50,100,300,4,15101,100.0,156658.0
count_ones,MIMIC50,100,300,9,15101,100.0,157888.0
count_ones,GALowPop,100,800,6,62068,87.0,170930.0
count_ones,GAHighPop,100,150,0,63899,95.0,169045.0
count_ones,GALowPop,100,900,0,69856,90.0,173303.0
count_ones,GALowPop,100,800,8,62126,86.0,173669.0
count_ones,GAHighPop,100,150,9,63940,95.0,172347.0
count_ones,GALowPop,100,900,1,69768,91.0,174628.0
count_ones,GALowPop,100,800,3,62115,91.0,175024.0
count_ones,MIMIC200,100,100,2,20401,98.0,168995.0
count_ones,GALowPop,100,900,9,69814,92.0,176232.0
count_ones,GAHighPop,100,150,8,63897,95.0,178185.0
count_ones,GAHighPop,100,150,4,63835,95.0,178949.0
count_ones,GAHighPop,100,200,5,84805,96.0,179052.0
count_ones,GALowPop,100,900,5,69794,90.0,181141.0
count_ones,GAHighPop,100,150,2,63855,95.0,179857.0
count_ones,GAHighPop,100,200,8,84900,98.0,180836.0
count_ones,GALowPop,100,800,7,62071,92.0,182796.0
count_ones,GALowPop,100,1000,6,77510,93.0,183342.0
count_ones,MIMIC50,100,400,6,20101,100.0,171768.0
count_ones,GALowPop,100,900,3,69834,84.0,184541.0
count_ones,GALowPop,100,800,9,62116,87.0,184996.0
count_ones,MIMIC50,100,400,4,20101,100.0,172229.0
count_ones,GALowPop,100,900,6,69752,81.0,184870.0
count_ones,MIMIC50,100,400,5,20101,100.0,174912.0
count_ones,MIMIC200,100,150,9,30401,99.0,180755.0
count_ones,GALowPop,100,1000,0,77581,86.0,188630.0
count_ones,GALowPop,100,800,5,62057,86.0,190485.0
count_ones,MIMIC50,100,400,8,20101,99.0,178727.0
count_ones,GAHighPop,100,150,5,63844,93.0,190514.0
count_ones,GALowPop,100,1000,4,77630,89.0,191972.0
count_ones,GALowPop,100,900,8,69781,88.0,192393.0
count_ones,MIMIC50,100,400,3,20101,100.0,180173.0
count_ones,GALowPop,100,800,0,62102,88.0,193349.0
count_ones,GALowPop,100,1000,3,77579,87.0,192794.0
count_ones,GALowPop,100,1000,9,77618,88.0,192809.0
count_ones,GALowPop,100,1000,7,77544,87.0,193443.0
count_ones,MIMIC50,100,400,2,20101,100.0,185038.0
count_ones,GALowPop,100,800,4,62106,88.0,198473.0
count_ones,MIMIC200,100,150,2,30401,100.0,191182.0
count_ones,GALowPop,100,900,2,69910,88.0,200119.0
count_ones,MIMIC50,100,400,1,20101,100.0,188218.0
count_ones,GALowPop,100,900,7,69825,93.0,201192.0
count_ones,GALowPop,100,1000,1,77606,88.0,202583.0
count_ones,MIMIC50,100,400,9,20101,100.0,190393.0
count_ones,MIMIC200,100,150,8,30401,100.0,195418.0
count_ones,MIMIC50,100,400,0,20101,100.0,191011.0
count_ones,GALowPop,100,1000,5,77594,86.0,203157.0
count_ones,MIMIC50,100,500,3,25101,100.0,191161.0
count_ones,GALowPop,100,900,4,69834,90.0,204684.0
count_ones,MIMIC200,100,150,1,30401,99.0,198353.0
count_ones,GAHighPop,100,200,1,84746,98.0,204077.0
count_ones,MIMIC50,100,400,7,20101,100.0,194986.0
count_ones,GALowPop,100,1000,2,77564,90.0,209233.0
count_ones,MIMIC200,100,150,5,30401,98.0,202779.0
count_ones,MIMIC200,100,150,6,30401,99.0,202889.0
count_ones,MIMIC50,100,500,5,25101,100.0,200301.0
count_ones,GAHighPop,100,200,9,84930,97.0,211526.0
count_ones,GAHighPop,100,200,0,84869,97.0,211847.0
count_ones,MIMIC200,100,150,3,30401,100.0,209029.0
count_ones,MIMIC50,100,500,9,25101,100.0,203902.0
count_ones,GALowPop,100,1000,8,77594,89.0,215806.0
count_ones,MIMIC50,100,500,2,25101,100.0,205533.0
count_ones,GAHighPop,100,200,3,84765,96.0,218681.0
count_ones,GAHighPop,100,200,4,84816,97.0,218760.0
count_ones,MIMIC200,100,150,0,30401,100.0,213919.0
count_ones,MIMIC50,100,500,0,25101,100.0,210991.0
count_ones,MIMIC50,100,500,8,25101,100.0,211592.0
count_ones,MIMIC50,100,500,7,25101,100.0,211818.0
count_ones,MIMIC50,100,500,4,25101,100.0,212512.0
count_ones,GAHighPop,100,200,6,84792,96.0,224760.0
count_ones,MIMIC50,100,500,1,25101,100.0,214051.0
count_ones,GAHighPop,100,200,2,84881,97.0,226034.0
count_ones,GAHighPop,100,200,7,84829,97.0,227504.0
count_ones,MIMIC50,100,600,5,30101,100.0,217582.0
count_ones,MIMIC200,100,150,4,30401,99.0,223293.0
count_ones,MIMIC200,100,150,7,30401,99.0,223435.0
count_ones,MIMIC50,100,500,6,25101,100.0,223114.0
count_ones,MIMIC200,100,200,0,40401,99.0,230168.0
count_ones,MIMIC200,100,200,2,40401,99.0,234803.0
count_ones,MIMIC200,100,200,4,40401,100.0,236154.0
count_ones,MIMIC50,100,600,7,30101,100.0,234956.0
count_ones,MIMIC50,100,600,3,30101,100.0,235724.0
count_ones,MIMIC200,100,200,8,40401,100.0,241544.0
count_ones,MIMIC200,100,200,3,40401,98.0,243233.0
count_ones,MIMIC200,100,200,7,40401,100.0,243137.0
count_ones,MIMIC50,100,600,6,30101,100.0,239344.0
count_ones,MIMIC50,100,600,4,30101,100.0,242580.0
count_ones,MIMIC50,100,700,2,35101,100.0,243455.0
count_ones,MIMIC50,100,700,0,35101,100.0,244294.0
count_ones,MIMIC200,100,200,6,40401,100.0,248602.0
count_ones,MIMIC50,100,600,8,30101,100.0,245220.0
count_ones,MIMIC50,100,600,1,30101,100.0,246441.0
count_ones,MIMIC200,100,200,5,40401,100.0,250584.0
count_ones,MIMIC50,100,700,7,35101,100.0,247153.0
count_ones,MIMIC200,100,200,1,40401,100.0,251741.0
count_ones,MIMIC50,100,600,2,30101,100.0,247941.0
count_ones,MIMIC50,100,600,9,30101,100.0,248014.0
count_ones,MIMIC50,100,600,0,30101,100.0,248817.0
count_ones,MIMIC50,100,700,5,35101,100.0,248989.0
count_ones,MIMIC200,100,200,9,40401,100.0,255662.0
count_ones,MIMIC50,100,800,5,40101,100.0,252434.0
count_ones,MIMIC50,100,700,3,35101,100.0,254021.0
count_ones,MIMIC50,100,700,8,35101,100.0,257737.0
count_ones,GAHighPop,100,300,3,126779,100.0,271564.0
count_ones,MIMIC50,100,700,6,35101,100.0,262404.0
count_ones,GAHighPop,100,300,4,126721,99.0,274828.0
count_ones,MIMIC50,100,700,1,35101,100.0,265295.0
count_ones,GAHighPop,100,300,9,126652,99.0,276673.0
count_ones,MIMIC50,100,700,9,35101,100.0,268821.0
count_ones,GAHighPop,100,300,0,126685,99.0,281126.0
count_ones,MIMIC50,100,700,4,35101,100.0,272562.0
count_ones,MIMIC50,100,800,1,40101,100.0,273045.0
count_ones,GAHighPop,100,300,1,126630,99.0,284074.0
count_ones,GAHighPop,100,300,2,126711,100.0,284978.0
count_ones,GAHighPop,100,300,7,126688,99.0,285974.0
count_ones,GAHighPop,100,300,5,126675,100.0,286995.0
count_ones,MIMIC50,100,800,7,40101,100.0,276194.0
count_ones,MIMIC50,100,800,4,40101,100.0,276220.0
count_ones,GAHighPop,100,300,6,126805,99.0,288033.0
count_ones,MIMIC50,100,800,9,40101,100.0,277708.0
count_ones,GAHighPop,100,300,8,126646,98.0,289534.0
count_ones,MIMIC50,100,800,3,40101,100.0,278881.0
count_ones,MIMIC50,100,800,8,40101,100.0,280035.0
count_ones,MIMIC50,100,800,2,40101,100.0,280870.0
count_ones,MIMIC50,100,800,6,40101,100.0,281683.0
count_ones,MIMIC200,100,300,4,60401,100.0,290541.0
count_ones,MIMIC50,100,900,7,45101,100.0,289168.0
count_ones,MIMIC50,100,800,0,40101,100.0,293381.0
count_ones,MIMIC50,100,900,2,45101,100.0,295451.0
count_ones,MIMIC200,100,300,8,60401,100.0,299119.0
count_ones,MIMIC200,100,300,3,60401,100.0,303230.0
count_ones,MIMIC50,100,1000,3,50101,100.0,300683.0
count_ones,MIMIC200,100,300,5,60401,100.0,303651.0
count_ones,MIMIC50,100,900,8,45101,100.0,301935.0
count_ones,MIMIC200,100,300,0,60401,100.0,306309.0
count_ones,MIMIC50,100,900,3,45101,100.0,303470.0
count_ones,MIMIC200,100,300,2,60401,100.0,307482.0
count_ones,MIMIC50,100,900,0,45101,100.0,306147.0
count_ones,MIMIC50,100,900,9,45101,100.0,306259.0
count_ones,MIMIC200,100,300,6,60401,100.0,309241.0
count_ones,MIMIC50,100,900,1,45101,100.0,308926.0
count_ones,MIMIC50,100,900,5,45101,100.0,310027.0
count_ones,MIMIC200,100,300,9,60401,100.0,313670.0
count_ones,MIMIC50,100,900,6,45101,100.0,313282.0
count_ones,MIMIC50,100,1000,4,50101,100.0,317835.0
count_ones,GAHighPop,100,400,2,168625,100.0,329152.0
count_ones,MIMIC50,100,1000,2,50101,100.0,318338.0
count_ones,MIMIC50,100,1000,9,50101,100.0,319334.0
count_ones,MIMIC50,100,1000,0,50101,100.0,320442.0
count_ones,MIMIC50,100,900,4,45101,100.0,320859.0
count_ones,MIMIC50,100,1000,5,50101,100.0,322710.0
count_ones,MIMIC200,100,300,1,60401,100.0,326802.0
count_ones,MIMIC200,100,300,7,60401,100.0,326930.0
count_ones,GAHighPop,100,400,4,168647,100.0,338338.0
count_ones,MIMIC50,100,1000,8,50101,100.0,327744.0
count_ones,GAHighPop,100,400,7,168725,100.0,341019.0
count_ones,MIMIC50,100,1000,6,50101,100.0,331396.0
count_ones,MIMIC50,100,1000,7,50101,100.0,332714.0
count_ones,GAHighPop,100,400,6,168651,100.0,344025.0
count_ones,GAHighPop,100,400,8,168607,100.0,344070.0
count_ones,GAHighPop,100,400,9,168609,100.0,344524.0
count_ones,GAHighPop,100,400,3,168549,100.0,346853.0
count_ones,GAHighPop,100,400,1,168671,99.0,346928.0
count_ones,GAHighPop,100,400,5,168734,99.0,347497.0
count_ones,MIMIC50,100,1000,1,50101,100.0,336942.0
count_ones,GAHighPop,100,400,0,168579,100.0,355089.0
count_ones,MIMIC200,100,400,2,80401,100.0,350468.0
count_ones,MIMIC200,100,400,4,80401,100.0,351758.0
count_ones,MIMIC200,100,400,7,80401,100.0,352077.0
count_ones,MIMIC200,100,400,8,80401,100.0,357296.0
count_ones,GAHighPop,100,500,2,210636,99.0,371381.0
count_ones,MIMIC200,100,400,3,80401,100.0,361236.0
count_ones,MIMIC200,100,400,5,80401,100.0,360972.0
count_ones,MIMIC200,100,400,1,80401,100.0,363837.0
count_ones,GAHighPop,100,500,4,210508,100.0,379365.0
count_ones,MIMIC200,100,400,9,80401,100.0,368023.0
count_ones,MIMIC200,100,400,0,80401,100.0,374290.0
count_ones,GAHighPop,100,500,5,210559,100.0,385591.0
count_ones,MIMIC200,100,400,6,80401,100.0,374101.0
count_ones,GAHighPop,100,500,7,210508,99.0,388517.0
count_ones,GAHighPop,100,500,6,210617,100.0,392283.0
count_ones,GAHighPop,100,500,1,210420,100.0,393350.0
count_ones,GAHighPop,100,500,3,210522,99.0,397222.0
count_ones,GAHighPop,100,500,8,210619,100.0,399043.0
count_ones,GAHighPop,100,500,9,210516,100.0,399521.0
count_ones,GAHighPop,100,500,0,210418,100.0,404355.0
count_ones,MIMIC200,100,500,8,100401,100.0,394798.0
count_ones,MIMIC200,100,500,7,100401,100.0,398317.0
count_ones,MIMIC200,100,500,4,100401,100.0,401932.0
count_ones,MIMIC200,100,500,0,100401,100.0,402800.0
count_ones,MIMIC200,100,500,6,100401,100.0,402953.0
count_ones,GAHighPop,100,600,4,252360,99.0,416748.0
count_ones,GAHighPop,100,600,1,252295,99.0,419084.0
count_ones,GAHighPop,100,600,6,252386,100.0,419370.0
count_ones,MIMIC200,100,500,9,100401,100.0,407747.0
count_ones,GAHighPop,100,600,9,252263,100.0,420402.0
count_ones,MIMIC200,100,500,1,100401,100.0,409503.0
count_ones,GAHighPop,100,600,5,252565,100.0,421265.0
count_ones,MIMIC200,100,500,5,100401,100.0,409970.0
count_ones,MIMIC200,100,500,2,100401,100.0,410243.0
count_ones,GAHighPop,100,600,2,252505,99.0,422912.0
count_ones,MIMIC200,100,500,3,100401,100.0,411494.0
count_ones,GAHighPop,100,600,3,252600,99.0,427905.0
count_ones,GAHighPop,100,600,8,252372,100.0,428252.0
count_ones,GAHighPop,100,600,7,252361,99.0,437529.0
count_ones,GAHighPop,100,700,4,294293,100.0,442307.0
count_ones,MIMIC200,100,600,0,120401,100.0,432961.0
count_ones,GAHighPop,100,600,0,252385,100.0,446921.0
count_ones,MIMIC200,100,600,5,120401,100.0,435306.0
count_ones,MIMIC200,100,600,7,120401,100.0,435512.0
count_ones,MIMIC200,100,600,8,120401,100.0,438516.0
count_ones,GAHighPop,100,700,0,294486,100.0,451530.0
count_ones,MIMIC200,100,600,9,120401,100.0,440141.0
count_ones,MIMIC200,100,600,4,120401,100.0,440766.0
count_ones,MIMIC200,100,600,3,120401,100.0,440766.0
count_ones,MIMIC200,100,600,2,120401,100.0,441871.0
count_ones,GAHighPop,100,700,8,294356,100.0,456300.0
count_ones,GAHighPop,100,700,3,294307,100.0,457157.0
count_ones,MIMIC200,100,600,6,120401,100.0,446626.0
count_ones,GAHighPop,100,700,7,294475,99.0,460645.0
count_ones,GAHighPop,100,700,2,294343,100.0,464053.0
count_ones,GAHighPop,100,700,5,294578,100.0,464102.0
count_ones,GAHighPop,100,700,9,294321,99.0,464498.0
count_ones,MIMIC200,100,600,1,120401,100.0,452954.0
count_ones,GAHighPop,100,700,6,294362,99.0,465231.0
count_ones,GAHighPop,100,800,1,336249,99.0,466463.0
count_ones,GAHighPop,100,800,4,336315,100.0,468491.0
count_ones,GAHighPop,100,700,1,294353,100.0,472193.0
count_ones,GAHighPop,100,800,3,336420,100.0,472708.0
count_ones,GAHighPop,100,800,9,336162,100.0,473230.0
count_ones,MIMIC200,100,700,0,140401,100.0,464077.0
count_ones,MIMIC200,100,700,8,140401,100.0,465785.0
count_ones,MIMIC200,100,700,3,140401,100.0,466960.0
count_ones,GAHighPop,100,800,5,336303,100.0,478807.0
count_ones,GAHighPop,100,800,0,336361,100.0,479173.0
count_ones,GAHighPop,100,800,6,336160,100.0,479916.0
count_ones,MIMIC200,100,700,4,140401,100.0,468347.0
count_ones,MIMIC200,100,700,1,140401,100.0,471398.0
count_ones,MIMIC200,100,700,6,140401,100.0,473393.0
count_ones,MIMIC200,100,700,9,140401,100.0,473917.0
count_ones,GAHighPop,100,800,7,336275,100.0,487144.0
count_ones,MIMIC200,100,700,2,140401,100.0,475770.0
count_ones,MIMIC200,100,700,7,140401,100.0,476937.0
count_ones,GAHighPop,100,800,2,336377,100.0,488893.0
count_ones,GAHighPop,100,900,0,378127,100.0,490799.0
count_ones,MIMIC200,100,700,5,140401,100.0,479258.0
count_ones,GAHighPop,100,800,8,336449,100.0,491050.0
count_ones,GAHighPop,100,900,1,378059,100.0,494960.0
count_ones,MIMIC200,100,800,1,160401,100.0,485242.0
count_ones,GAHighPop,100,1000,7,419824,99.0,494184.0
count_ones,MIMIC200,100,800,5,160401,100.0,486586.0
count_ones,MIMIC200,100,800,4,160401,100.0,487762.0
count_ones,MIMIC200,100,800,2,160401,100.0,488458.0
count_ones,GAHighPop,100,900,9,378194,100.0,499241.0
count_ones,GAHighPop,100,900,6,378042,100.0,499587.0
count_ones,MIMIC200,100,800,9,160401,100.0,490001.0
count_ones,GAHighPop,100,900,8,378195,100.0,501151.0
count_ones,MIMIC200,100,800,8,160401,100.0,491821.0
count_ones,GAHighPop,100,900,3,378232,100.0,503510.0
count_ones,MIMIC200,100,800,0,160401,100.0,492075.0
count_ones,GAHighPop,100,1000,8,420115,100.0,501135.0
count_ones,MIMIC200,100,800,7,160401,100.0,492319.0
count_ones,MIMIC200,100,800,3,160401,100.0,493041.0
count_ones,GAHighPop,100,900,5,378284,100.0,503145.0
count_ones,GAHighPop,100,900,2,378166,100.0,504892.0
count_ones,MIMIC200,100,800,6,160401,100.0,493348.0
count_ones,MIMIC200,100,900,8,180401,100.0,495628.0
count_ones,GAHighPop,100,900,7,378056,100.0,507499.0
count_ones,GAHighPop,100,1000,5,420255,100.0,506934.0
count_ones,GAHighPop,100,1000,9,420032,100.0,506659.0
count_ones,GAHighPop,100,1000,3,420104,100.0,507987.0
count_ones,GAHighPop,100,1000,6,419977,99.0,508180.0
count_ones,MIMIC200,100,900,1,180401,100.0,501095.0
count_ones,GAHighPop,100,900,4,378256,100.0,511380.0
count_ones,MIMIC200,100,900,0,180401,100.0,501274.0
count_ones,MIMIC200,100,900,7,180401,100.0,501561.0
count_ones,MIMIC200,100,900,3,180401,100.0,501854.0
count_ones,GAHighPop,100,1000,4,420366,100.0,511208.0
count_ones,GAHighPop,100,1000,0,420198,100.0,511631.0
count_ones,MIMIC200,100,900,2,180401,100.0,502675.0
count_ones,MIMIC200,100,900,9,180401,100.0,502890.0
count_ones,MIMIC200,100,900,5,180401,100.0,502915.0
count_ones,MIMIC200,100,900,6,180401,100.0,503322.0
count_ones,MIMIC200,100,1000,5,200401,100.0,503731.0
count_ones,GAHighPop,100,1000,1,420189,100.0,513301.0
count_ones,MIMIC200,100,1000,4,200401,100.0,504569.0
count_ones,MIMIC200,100,900,4,180401,100.0,504644.0
count_ones,GAHighPop,100,1000,2,420236,100.0,514396.0
count_ones,MIMIC200,100,1000,1,200401,100.0,505111.0
count_ones,MIMIC200,100,1000,8,200401,100.0,505570.0
count_ones,MIMIC200,100,1000,3,200401,100.0,505951.0
count_ones,MIMIC200,100,1000,0,200401,100.0,505961.0
count_ones,MIMIC200,100,1000,2,200401,100.0,506012.0
count_ones,MIMIC200,100,1000,9,200401,100.0,506063.0
count_ones,MIMIC200,100,1000,7,200401,100.0,506070.0
count_ones,MIMIC200,100,1000,6,200401,100.0,506133.0
